abstract_sku,concrete_sku,price_type,store,currency,value_net,value_gross,price_data.volume_prices
M61240,,DEFAULT,AT,CHF,17762,21118,
M61240,,ORIGINAL,AT,CHF,19724,23453,
,100107,DEFAULT,AT,CHF,17762,21118,
,100107,ORIGINAL,AT,CHF,19724,23453,
C2235,,DEFAULT,AT,CHF,9188,10915,
C2235,,ORIGINAL,AT,CHF,10197,12116,
,1001454,DEFAULT,AT,CHF,9188,10915,
,1001454,ORIGINAL,AT,CHF,10197,12116,
,100223,DEFAULT,AT,CHF,20324,24167,
,100223,ORIGINAL,AT,CHF,22571,26841,
M770,,DEFAULT,AT,CHF,29999,35681,
M770,,ORIGINAL,AT,CHF,33321,39634,
,100266,DEFAULT,AT,CHF,29999,35681,
,100266,ORIGINAL,AT,CHF,33321,39634,
M634,,DEFAULT,AT,CHF,152129,181014,
M634,,ORIGINAL,AT,CHF,169021,201115,
,100288,DEFAULT,AT,CHF,152129,181014,
,100288,ORIGINAL,AT,CHF,169021,201115,
M10569,,DEFAULT,AT,CHF,32204,38304,
M10569,,ORIGINAL,AT,CHF,35771,42548,
,100414,DEFAULT,AT,CHF,32204,38304,
,100414,ORIGINAL,AT,CHF,35771,42548,
M39654,,DEFAULT,AT,CHF,8111,9634,
M39654,,ORIGINAL,AT,CHF,9001,10693,
,100429,DEFAULT,AT,CHF,8111,9634,
,100429,ORIGINAL,AT,CHF,9001,10693,
M11222,,DEFAULT,AT,CHF,13206,15697,
M11222,,ORIGINAL,AT,CHF,14662,17430,
,100430,DEFAULT,AT,CHF,13206,15697,
,100430,ORIGINAL,AT,CHF,14662,17430,
M2393,,DEFAULT,AT,CHF,11855,14090,
M2393,,ORIGINAL,AT,CHF,13161,15644,
,100588,DEFAULT,AT,CHF,11855,14090,
,100588,ORIGINAL,AT,CHF,13161,15644,
M45050,,DEFAULT,AT,CHF,27739,32991,
M45050,,ORIGINAL,AT,CHF,30810,36645,
,100666,DEFAULT,AT,CHF,27739,32991,
,100666,ORIGINAL,AT,CHF,30810,36645,
M302,,DEFAULT,AT,CHF,12008,14271,
M302,,ORIGINAL,AT,CHF,13331,15845,
,100682,DEFAULT,AT,CHF,12008,14271,
,100682,ORIGINAL,AT,CHF,13331,15845,
M75601,,DEFAULT,AT,CHF,14894,17706,
M75601,,ORIGINAL,AT,CHF,16537,19662,
,100683,DEFAULT,AT,CHF,14894,17706,
,100683,ORIGINAL,AT,CHF,16537,19662,
M53238,,DEFAULT,AT,CHF,21893,26034,
M53238,,ORIGINAL,AT,CHF,24314,28915,
,100907,DEFAULT,AT,CHF,21893,26034,
,100907,ORIGINAL,AT,CHF,24314,28915,
M53331,,DEFAULT,AT,CHF,18044,21453,
M53331,,ORIGINAL,AT,CHF,20037,23825,
,100949,DEFAULT,AT,CHF,18044,21453,
,100949,ORIGINAL,AT,CHF,20037,23825,
M49344,,DEFAULT,AT,CHF,16137,19184,
M49344,,ORIGINAL,AT,CHF,17918,21304,
,100999,DEFAULT,AT,CHF,16137,19184,
,100999,ORIGINAL,AT,CHF,17918,21304,
M49207,,DEFAULT,AT,CHF,43233,51427,
M49207,,ORIGINAL,AT,CHF,48025,57130,
,101007,DEFAULT,AT,CHF,43233,51427,
,101007,ORIGINAL,AT,CHF,48025,57130,
M53235,,DEFAULT,AT,CHF,38535,45836,
M53235,,ORIGINAL,AT,CHF,42805,50917,
,101102,DEFAULT,AT,CHF,38535,45836,
,101102,ORIGINAL,AT,CHF,42805,50917,
M731,,DEFAULT,AT,CHF,34843,41444,
M731,,ORIGINAL,AT,CHF,38703,46037,
,101171,DEFAULT,AT,CHF,34843,41444,
,101171,ORIGINAL,AT,CHF,38703,46037,
M1028038,,DEFAULT,AT,CHF,19313,22964,
M1028038,,ORIGINAL,AT,CHF,21447,25504,
,101172,DEFAULT,AT,CHF,19313,22964,
,101172,ORIGINAL,AT,CHF,21447,25504,
M2495,,DEFAULT,AT,CHF,18506,22003,
M2495,,ORIGINAL,AT,CHF,20551,24436,
,101226,DEFAULT,AT,CHF,18506,22003,
,101226,ORIGINAL,AT,CHF,20551,24436,
M11480,,DEFAULT,AT,CHF,21923,26069,
M11480,,ORIGINAL,AT,CHF,24347,28954,
,101441,DEFAULT,AT,CHF,21923,26069,
,101441,ORIGINAL,AT,CHF,24347,28954,
M1014948,,DEFAULT,AT,CHF,21169,25172,
M1014948,,ORIGINAL,AT,CHF,23510,27957,
,101509,DEFAULT,AT,CHF,21169,25172,
,101509,ORIGINAL,AT,CHF,23510,27957,
M64933,,DEFAULT,AT,CHF,13213,15705,
M64933,,ORIGINAL,AT,CHF,14670,17438,
,101515,DEFAULT,AT,CHF,13213,15705,
,101515,ORIGINAL,AT,CHF,14670,17438,
M39658,,DEFAULT,AT,CHF,21974,26130,
M39658,,ORIGINAL,AT,CHF,24404,29022,
,101560,DEFAULT,AT,CHF,21974,26130,
,101560,ORIGINAL,AT,CHF,24404,29022,
M15226,,DEFAULT,AT,CHF,24550,29196,
M15226,,ORIGINAL,AT,CHF,27266,32428,
,101759,DEFAULT,AT,CHF,24550,29196,
,101759,ORIGINAL,AT,CHF,27266,32428,
M79890,,DEFAULT,AT,CHF,12626,15006,
M79890,,ORIGINAL,AT,CHF,14017,16662,
,101828,DEFAULT,AT,CHF,12626,15006,
,101828,ORIGINAL,AT,CHF,14017,16662,
M74972,,DEFAULT,AT,CHF,37740,44892,
M74972,,ORIGINAL,AT,CHF,41922,49868,
,101863,DEFAULT,AT,CHF,37740,44892,
,101863,ORIGINAL,AT,CHF,41922,49868,
M74974,,DEFAULT,AT,CHF,49379,58742,
M74974,,ORIGINAL,AT,CHF,54854,65257,
,101865,DEFAULT,AT,CHF,49379,58742,
,101865,ORIGINAL,AT,CHF,54854,65257,
M74907,,DEFAULT,AT,CHF,68191,81127,
M74907,,ORIGINAL,AT,CHF,75756,90130,
,101940,DEFAULT,AT,CHF,68191,81127,
,101940,ORIGINAL,AT,CHF,75756,90130,
M1018212,,DEFAULT,AT,CHF,49133,58450,
M1018212,,ORIGINAL,AT,CHF,54581,64933,
,102121,DEFAULT,AT,CHF,49133,58450,
,102121,ORIGINAL,AT,CHF,54581,64933,
M58035,,DEFAULT,AT,CHF,31225,37139,
M58035,,ORIGINAL,AT,CHF,34683,41254,
,102124,DEFAULT,AT,CHF,31225,37139,
,102124,ORIGINAL,AT,CHF,34683,41254,
,102126,DEFAULT,AT,CHF,30426,36188,
,102126,ORIGINAL,AT,CHF,33795,40197,
,102128,DEFAULT,AT,CHF,36145,42994,
,102128,ORIGINAL,AT,CHF,40150,47760,
,102130,DEFAULT,AT,CHF,37205,44255,
,102130,ORIGINAL,AT,CHF,41327,49161,
M58100,,DEFAULT,AT,CHF,30282,36016,
M58100,,ORIGINAL,AT,CHF,33635,40006,
,102169,DEFAULT,AT,CHF,30282,36016,
,102169,ORIGINAL,AT,CHF,33635,40006,
M58095,,DEFAULT,AT,CHF,17610,20938,
M58095,,ORIGINAL,AT,CHF,19555,23253,
,102177,DEFAULT,AT,CHF,17610,20938,
,102177,ORIGINAL,AT,CHF,19555,23253,
M58102,,DEFAULT,AT,CHF,19297,22945,
,102180,DEFAULT,AT,CHF,19297,22945,
M58103,,DEFAULT,AT,CHF,19297,22945,
,102181,DEFAULT,AT,CHF,19297,22945,
M58104,,DEFAULT,AT,CHF,19297,22945,
,102182,DEFAULT,AT,CHF,19297,22945,
M58105,,DEFAULT,AT,CHF,19297,22945,
,102183,DEFAULT,AT,CHF,19297,22945,
M61124,,DEFAULT,AT,CHF,17738,21088,
,102708,DEFAULT,AT,CHF,17738,21088,
M61125,,DEFAULT,AT,CHF,20944,24905,
,102712,DEFAULT,AT,CHF,20944,24905,
M53287,,DEFAULT,AT,CHF,14530,17272,
,102775,DEFAULT,AT,CHF,14530,17272,
M53288,,DEFAULT,AT,CHF,14958,17781,
,102779,DEFAULT,AT,CHF,14958,17781,
M226,,DEFAULT,AT,CHF,44676,53145,
,102809,DEFAULT,AT,CHF,44676,53145,
M62584,,DEFAULT,AT,CHF,19233,22869,
,102841,DEFAULT,AT,CHF,19233,22869,
M766,,DEFAULT,AT,CHF,22013,26177,
,102917,DEFAULT,AT,CHF,22013,26177,
M767,,DEFAULT,AT,CHF,22708,27003,
,102918,DEFAULT,AT,CHF,22708,27003,
M768,,DEFAULT,AT,CHF,24792,29484,
,102919,DEFAULT,AT,CHF,24792,29484,
M769,,DEFAULT,AT,CHF,26503,31519,
,102920,DEFAULT,AT,CHF,26503,31519,
M771,,DEFAULT,AT,CHF,28641,34064,
,102922,DEFAULT,AT,CHF,28641,34064,
M787,,DEFAULT,AT,CHF,26609,31647,
,102923,DEFAULT,AT,CHF,26609,31647,
M788,,DEFAULT,AT,CHF,28427,33809,
,102924,DEFAULT,AT,CHF,28427,33809,
M789,,DEFAULT,AT,CHF,29068,34572,
,102925,DEFAULT,AT,CHF,29068,34572,
,102935,DEFAULT,AT,CHF,14764,17551,
,102936,DEFAULT,AT,CHF,16829,20007,
,102938,DEFAULT,AT,CHF,19982,23760,
,102939,DEFAULT,AT,CHF,21158,25159,
M719,,DEFAULT,AT,CHF,22067,26241,
,102940,DEFAULT,AT,CHF,22067,26241,
M72878,,DEFAULT,AT,CHF,21658,25754,
,102972,DEFAULT,AT,CHF,21658,25754,
M64947,,DEFAULT,AT,CHF,15235,18112,
,102976,DEFAULT,AT,CHF,15235,18112,
M64934,,DEFAULT,AT,CHF,23509,27958,
,102988,DEFAULT,AT,CHF,23509,27958,
M40490,,DEFAULT,AT,CHF,29923,35590,
,103117,DEFAULT,AT,CHF,29923,35590,
M40491,,DEFAULT,AT,CHF,38475,45767,
,103118,DEFAULT,AT,CHF,38475,45767,
M11306,,DEFAULT,AT,CHF,17267,20528,
,103235,DEFAULT,AT,CHF,17267,20528,
M74815,,DEFAULT,AT,CHF,20303,24141,
,103296,DEFAULT,AT,CHF,20303,24141,
M66923,,DEFAULT,AT,CHF,10746,12768,
,103388,DEFAULT,AT,CHF,10746,12768,
M69408,,DEFAULT,AT,CHF,24364,28976,
,103510,DEFAULT,AT,CHF,24364,28976,
M1028049,,DEFAULT,AT,CHF,32062,38134,
,103740,DEFAULT,AT,CHF,32062,38134,
M72844,,DEFAULT,AT,CHF,73751,87745,
,103836,DEFAULT,AT,CHF,73751,87745,
M72843,,DEFAULT,AT,CHF,49165,58488,
,103838,DEFAULT,AT,CHF,49165,58488,
M72937,,DEFAULT,AT,CHF,56861,67647,
,103889,DEFAULT,AT,CHF,56861,67647,
M72938,,DEFAULT,AT,CHF,58893,70064,
,103890,DEFAULT,AT,CHF,58893,70064,
M72933,,DEFAULT,AT,CHF,45692,54354,
,103905,DEFAULT,AT,CHF,45692,54354,
M72935,,DEFAULT,AT,CHF,47722,56771,
,103907,DEFAULT,AT,CHF,47722,56771,
M26831,,DEFAULT,AT,CHF,73751,87745,
,104074,DEFAULT,AT,CHF,73751,87745,
M10577,,DEFAULT,AT,CHF,9474,11254,
,104151,DEFAULT,AT,CHF,9474,11254,
M10871,,DEFAULT,AT,CHF,11098,13189,
,104190,DEFAULT,AT,CHF,11098,13189,
M10872,,DEFAULT,AT,CHF,11772,13990,
,104192,DEFAULT,AT,CHF,11772,13990,
M11473,,DEFAULT,AT,CHF,12189,14486,
,104440,DEFAULT,AT,CHF,12189,14486,
M75071,,DEFAULT,AT,CHF,22288,26505,
,104445,DEFAULT,AT,CHF,22288,26505,
M11542,,DEFAULT,AT,CHF,11098,13189,
M11542,,ORIGINAL,AT,CHF,12320,14643,
,104517,DEFAULT,AT,CHF,11098,13189,
,104517,ORIGINAL,AT,CHF,12320,14643,
M2365,,DEFAULT,AT,CHF,27251,32409,
,104523,DEFAULT,AT,CHF,27251,32409,
M2366,,DEFAULT,AT,CHF,29347,34905,
,104524,DEFAULT,AT,CHF,29347,34905,
M526,,DEFAULT,AT,CHF,30449,36215,
,104937,DEFAULT,AT,CHF,30449,36215,
M528,,DEFAULT,AT,CHF,31602,37587,
M528,,ORIGINAL,AT,CHF,35102,41752,
,104939,DEFAULT,AT,CHF,31602,37587,
,104939,ORIGINAL,AT,CHF,35102,41752,
M79892,,DEFAULT,AT,CHF,13909,16534,
,107061,DEFAULT,AT,CHF,13909,16534,
M79932,,DEFAULT,AT,CHF,9625,11436,
,107063,DEFAULT,AT,CHF,9625,11436,
M80392,,DEFAULT,AT,CHF,19574,23275,
,107253,DEFAULT,AT,CHF,19574,23275,
,107252,DEFAULT,AT,CHF,21521,25592,
M12655,,DEFAULT,AT,CHF,19574,23275,
,107254,DEFAULT,AT,CHF,19574,23275,
M12656,,DEFAULT,AT,CHF,23116,27489,
,107255,DEFAULT,AT,CHF,23116,27489,
M87416,,DEFAULT,AT,CHF,43044,51205,
,107273,DEFAULT,AT,CHF,43044,51205,
M87599,,DEFAULT,AT,CHF,74353,88461,
,107287,DEFAULT,AT,CHF,74353,88461,
M213,,DEFAULT,AT,CHF,27391,32576,
,107305,DEFAULT,AT,CHF,27391,32576,
M229,,DEFAULT,AT,CHF,36196,43055,
,107306,DEFAULT,AT,CHF,36196,43055,
M14054,,DEFAULT,AT,CHF,48915,58190,
,107310,DEFAULT,AT,CHF,48915,58190,
M15127,,DEFAULT,AT,CHF,27391,32576,
,107311,DEFAULT,AT,CHF,27391,32576,
M432,,DEFAULT,AT,CHF,61686,73387,
,107313,DEFAULT,AT,CHF,61686,73387,
M87464,,DEFAULT,AT,CHF,39131,46548,
,107315,DEFAULT,AT,CHF,39131,46548,
M86939,,DEFAULT,AT,CHF,20593,24488,
,107396,DEFAULT,AT,CHF,20593,24488,
M86938,,DEFAULT,AT,CHF,22653,26939,
,107403,DEFAULT,AT,CHF,22653,26939,
M90851,,DEFAULT,AT,CHF,138570,164880,
,107938,DEFAULT,AT,CHF,138570,164880,
M90810,,DEFAULT,AT,CHF,36196,43055,
,108263,DEFAULT,AT,CHF,36196,43055,
M90737,,DEFAULT,AT,CHF,16639,19780,
,108278,DEFAULT,AT,CHF,16639,19780,
M90800,,DEFAULT,AT,CHF,34240,40727,
,108287,DEFAULT,AT,CHF,34240,40727,
M90805,,DEFAULT,AT,CHF,50872,60518,
,108298,DEFAULT,AT,CHF,50872,60518,
M90806,,DEFAULT,AT,CHF,63642,75716,
,108302,DEFAULT,AT,CHF,63642,75716,
M1000785,,DEFAULT,AT,CHF,46340,55126,
,212427,DEFAULT,AT,CHF,46340,55126,
M1000786,,DEFAULT,AT,CHF,13945,16575,
,212440,DEFAULT,AT,CHF,13945,16575,
M1000838,,DEFAULT,AT,CHF,161168,191771,
,212442,DEFAULT,AT,CHF,161168,191771,
M1000839,,DEFAULT,AT,CHF,191520,227891,
,212444,DEFAULT,AT,CHF,191520,227891,
M1000840,,DEFAULT,AT,CHF,303505,361152,
,212447,DEFAULT,AT,CHF,303505,361152,
M1006484,,DEFAULT,AT,CHF,24331,28936,
,212837,DEFAULT,AT,CHF,24331,28936,
M1006811,,DEFAULT,AT,CHF,16474,19586,
,213103,DEFAULT,AT,CHF,16474,19586,
M1006871,,DEFAULT,AT,CHF,27803,33066,
,213216,DEFAULT,AT,CHF,27803,33066,
M5108,,DEFAULT,AT,CHF,10387,12342,
,400065,DEFAULT,AT,CHF,10387,12342,
M5043,,DEFAULT,AT,CHF,30737,36558,
,400072,DEFAULT,AT,CHF,30737,36558,
M5022,,DEFAULT,AT,CHF,20593,24488,
,400074,DEFAULT,AT,CHF,20593,24488,
M5113,,DEFAULT,AT,CHF,18533,22037,
,400434,DEFAULT,AT,CHF,18533,22037,
M65062,,DEFAULT,AT,CHF,169514,201703,
,400855,DEFAULT,AT,CHF,169514,201703,
M5154,,DEFAULT,AT,CHF,12612,14990,
,401627,DEFAULT,AT,CHF,12612,14990,
M5155,,DEFAULT,AT,CHF,17628,20958,
,401629,DEFAULT,AT,CHF,17628,20958,
M5147,,DEFAULT,AT,CHF,18122,21546,
,401768,DEFAULT,AT,CHF,18122,21546,
M5148,,DEFAULT,AT,CHF,24713,29390,
,401781,DEFAULT,AT,CHF,24713,29390,
M5044,,DEFAULT,AT,CHF,20398,24255,
,403006,DEFAULT,AT,CHF,20398,24255,
M70208,,DEFAULT,AT,CHF,22653,26939,
,403125,DEFAULT,AT,CHF,22653,26939,
M88184,,DEFAULT,AT,CHF,669519,796708,
,404108,DEFAULT,AT,CHF,669519,796708,
M1031236,,DEFAULT,AT,CHF,19151,22772,
,408034,DEFAULT,AT,CHF,19151,22772,
M1031238,,DEFAULT,AT,CHF,6062,7195,
,408104,DEFAULT,AT,CHF,6062,7195,
M90799,,DEFAULT,AT,CHF,39131,46548,
,410075,DEFAULT,AT,CHF,39131,46548,
M90802,,DEFAULT,AT,CHF,47937,57027,
,410083,DEFAULT,AT,CHF,47937,57027,
M1024684,,DEFAULT,AT,CHF,60655,72161,
,410090,DEFAULT,AT,CHF,60655,72161,
M1024689,,DEFAULT,AT,CHF,85166,101329,
,410102,DEFAULT,AT,CHF,85166,101329,
M90804,,DEFAULT,AT,CHF,27391,32576,
,410104,DEFAULT,AT,CHF,27391,32576,
M1080190,,DEFAULT,AT,CHF,31305,37233,
,411653,DEFAULT,AT,CHF,31305,37233,
M1079243,,DEFAULT,AT,CHF,20593,24488,
,413849,DEFAULT,AT,CHF,20593,24488,
M1079219,,DEFAULT,AT,CHF,40161,47773,
,413850,DEFAULT,AT,CHF,40161,47773,
M1079221,,DEFAULT,AT,CHF,18705,22242,
,413852,DEFAULT,AT,CHF,18705,22242,
M1079222,,DEFAULT,AT,CHF,32952,39194,
,413854,DEFAULT,AT,CHF,32952,39194,
M1028375,,DEFAULT,AT,CHF,83210,99001,
,414097,DEFAULT,AT,CHF,83210,99001,
M1028376,,DEFAULT,AT,CHF,88050,104761,
,414098,DEFAULT,AT,CHF,88050,104761,
M29455,,DEFAULT,AT,CHF,32952,39194,
M29455,,ORIGINAL,AT,CHF,36602,43537,
,419780,DEFAULT,AT,CHF,32952,39194,
,419780,ORIGINAL,AT,CHF,36602,43537,
M29456,,DEFAULT,AT,CHF,25770,30648,
,419781,DEFAULT,AT,CHF,25770,30648,
,419782,DEFAULT,AT,CHF,20636,24538,
M29468,,DEFAULT,AT,CHF,56919,67715,
,419803,DEFAULT,AT,CHF,56919,67715,
M29499,,DEFAULT,AT,CHF,3311,3921,
,419869,DEFAULT,AT,CHF,3311,3921,
M29501,,DEFAULT,AT,CHF,27918,33204,
,419871,DEFAULT,AT,CHF,27918,33204,
M29502,,DEFAULT,AT,CHF,3848,4559,
,419872,DEFAULT,AT,CHF,3848,4559,
M29503,,DEFAULT,AT,CHF,5996,7116,
,419873,DEFAULT,AT,CHF,5996,7116,
M29504,,DEFAULT,AT,CHF,32214,38317,
,419876,DEFAULT,AT,CHF,32214,38317,
M29507,,DEFAULT,AT,CHF,21473,25535,
,419880,DEFAULT,AT,CHF,21473,25535,
M29523,,DEFAULT,AT,CHF,52623,62602,
,419897,DEFAULT,AT,CHF,52623,62602,
M29524,,DEFAULT,AT,CHF,37585,44708,
M29524,,ORIGINAL,AT,CHF,41750,49664,
,419898,DEFAULT,AT,CHF,37585,44708,
,419898,ORIGINAL,AT,CHF,41750,49664,
M29525,,DEFAULT,AT,CHF,11053,13134,
,419900,DEFAULT,AT,CHF,11053,13134,
M29526,,DEFAULT,AT,CHF,11053,13134,
,419901,DEFAULT,AT,CHF,11053,13134,
M29529,,DEFAULT,AT,CHF,88381,105155,
M29529,,ORIGINAL,AT,CHF,98190,116827,
,419904,DEFAULT,AT,CHF,88381,105155,
,419904,ORIGINAL,AT,CHF,98190,116827,
M29530,,DEFAULT,AT,CHF,101445,120701,
M29530,,ORIGINAL,AT,CHF,112705,134101,
,419905,DEFAULT,AT,CHF,101445,120701,
,419905,ORIGINAL,AT,CHF,112705,134101,
M21062,,DEFAULT,AT,CHF,595,689,
,420506,DEFAULT,AT,CHF,595,689,
M21066,,DEFAULT,AT,CHF,379,432,
,420514,DEFAULT,AT,CHF,379,432,
M21067,,DEFAULT,AT,CHF,422,484,
,420520,DEFAULT,AT,CHF,422,484,
M21073,,DEFAULT,AT,CHF,737,858,
,420527,DEFAULT,AT,CHF,737,858,
M21090,,DEFAULT,AT,CHF,2179,2573,
,420549,DEFAULT,AT,CHF,2179,2573,
M21091,,DEFAULT,AT,CHF,3298,3907,
,420550,DEFAULT,AT,CHF,3298,3907,
M21092,,DEFAULT,AT,CHF,1180,1385,
,420551,DEFAULT,AT,CHF,1180,1385,
M21093,,DEFAULT,AT,CHF,3223,3817,
,420554,DEFAULT,AT,CHF,3223,3817,
M21094,,DEFAULT,AT,CHF,11991,14250,
,420555,DEFAULT,AT,CHF,11991,14250,
M21097,,DEFAULT,AT,CHF,2320,2743,
,420562,DEFAULT,AT,CHF,2320,2743,
M21099,,DEFAULT,AT,CHF,1050,1230,
,420565,DEFAULT,AT,CHF,1050,1230,
M21100,,DEFAULT,AT,CHF,1612,1900,
,420566,DEFAULT,AT,CHF,1612,1900,
M21101,,DEFAULT,AT,CHF,2410,2850,
,420567,DEFAULT,AT,CHF,2410,2850,
M21103,,DEFAULT,AT,CHF,2587,3059,
,420573,DEFAULT,AT,CHF,2587,3059,
M21104,,DEFAULT,AT,CHF,8808,10463,
,420574,DEFAULT,AT,CHF,8808,10463,
M21105,,DEFAULT,AT,CHF,2370,2801,
,420575,DEFAULT,AT,CHF,2370,2801,
M21189,,DEFAULT,AT,CHF,855,999,
,420685,DEFAULT,AT,CHF,550,640,"[{""quantity"":5,""net_price"":400,""gross_price"":480},{""quantity"":10,""net_price"":350,""gross_price"":420},{""quantity"":20,""net_price"":250,""gross_price"":300}]"
M21190,,DEFAULT,AT,CHF,562,651,
M21190,,ORIGINAL,AT,CHF,613,712,
,420687,DEFAULT,AT,CHF,562,651,
,420687,ORIGINAL,AT,CHF,613,712,
M21191,,DEFAULT,AT,CHF,447,513,
,420689,DEFAULT,AT,CHF,447,513,
M21193,,DEFAULT,AT,CHF,939,1098,
,420691,DEFAULT,AT,CHF,939,1098,
M21194,,DEFAULT,AT,CHF,656,761,
,420692,DEFAULT,AT,CHF,656,761,
M21195,,DEFAULT,AT,CHF,504,581,
,420694,DEFAULT,AT,CHF,504,581,
M21196,,DEFAULT,AT,CHF,1005,1177,
,420695,DEFAULT,AT,CHF,1005,1177,
M21197,,DEFAULT,AT,CHF,1279,1503,
,420696,DEFAULT,AT,CHF,1279,1503,
M21200,,DEFAULT,AT,CHF,513,592,
,420706,DEFAULT,AT,CHF,513,592,
M21201,,DEFAULT,AT,CHF,504,581,
,420707,DEFAULT,AT,CHF,504,581,
M21202,,DEFAULT,AT,CHF,1098,1289,
,420708,DEFAULT,AT,CHF,1098,1289,
M21203,,DEFAULT,AT,CHF,1098,1289,
,420709,DEFAULT,AT,CHF,1098,1289,
M21205,,DEFAULT,AT,CHF,334,379,
,420712,DEFAULT,AT,CHF,334,379,
M21296,,DEFAULT,AT,CHF,1232,1447,
,420836,DEFAULT,AT,CHF,1232,1447,
M21299,,DEFAULT,AT,CHF,3594,4257,
,420845,DEFAULT,AT,CHF,3594,4257,
M21635,,DEFAULT,AT,CHF,1467,1727,
,421245,DEFAULT,AT,CHF,1467,1727,
M21636,,DEFAULT,AT,CHF,1053,1234,
,421246,DEFAULT,AT,CHF,1053,1234,
M21637,,DEFAULT,AT,CHF,636,738,
,421247,DEFAULT,AT,CHF,636,738,
M21638,,DEFAULT,AT,CHF,760,885,
,421248,DEFAULT,AT,CHF,760,885,
M21646,,DEFAULT,AT,CHF,343,390,
,421261,DEFAULT,AT,CHF,343,390,
M21648,,DEFAULT,AT,CHF,910,1064,
,421263,DEFAULT,AT,CHF,910,1064,
M21650,,DEFAULT,AT,CHF,617,716,
,421265,DEFAULT,AT,CHF,617,716,
M21679,,DEFAULT,AT,CHF,693,806,
,421322,DEFAULT,AT,CHF,693,806,
M21680,,DEFAULT,AT,CHF,607,704,
,421323,DEFAULT,AT,CHF,607,704,
M21681,,DEFAULT,AT,CHF,693,806,
,421324,DEFAULT,AT,CHF,693,806,
M21684,,DEFAULT,AT,CHF,400,457,
,421327,DEFAULT,AT,CHF,400,457,
M21690,,DEFAULT,AT,CHF,693,806,
,421339,DEFAULT,AT,CHF,693,806,
,421340,DEFAULT,AT,CHF,693,806,
M21691,,DEFAULT,AT,CHF,693,806,
,421341,DEFAULT,AT,CHF,693,806,
,421342,DEFAULT,AT,CHF,693,806,
M21692,,DEFAULT,AT,CHF,693,806,
,421343,DEFAULT,AT,CHF,693,806,
,421344,DEFAULT,AT,CHF,693,806,
M21693,,DEFAULT,AT,CHF,693,806,
,421345,DEFAULT,AT,CHF,693,806,
,421346,DEFAULT,AT,CHF,693,806,
M21694,,DEFAULT,AT,CHF,844,985,
,421347,DEFAULT,AT,CHF,844,985,
M21703,,DEFAULT,AT,CHF,570,659,
,421378,DEFAULT,AT,CHF,570,659,
M21708,,DEFAULT,AT,CHF,617,716,
,421418,DEFAULT,AT,CHF,617,716,
M21704,,DEFAULT,AT,CHF,447,513,
,421425,DEFAULT,AT,CHF,447,513,
M21711,,DEFAULT,AT,CHF,524,603,
,421426,DEFAULT,AT,CHF,524,603,
M21713,,DEFAULT,AT,CHF,1081,1267,
,421428,DEFAULT,AT,CHF,1081,1267,
M21714,,DEFAULT,AT,CHF,1062,1244,
,421432,DEFAULT,AT,CHF,1062,1244,
M21715,,DEFAULT,AT,CHF,656,761,
,421433,DEFAULT,AT,CHF,656,761,
M21716,,DEFAULT,AT,CHF,722,839,
,421435,DEFAULT,AT,CHF,722,839,
M21717,,DEFAULT,AT,CHF,334,379,
,421436,DEFAULT,AT,CHF,334,379,
M21740,,DEFAULT,AT,CHF,476,548,
,421475,DEFAULT,AT,CHF,476,548,
M21741,,DEFAULT,AT,CHF,476,548,
,421476,DEFAULT,AT,CHF,476,548,
M21742,,DEFAULT,AT,CHF,476,548,
,421477,DEFAULT,AT,CHF,476,548,
M21743,,DEFAULT,AT,CHF,476,548,
,421478,DEFAULT,AT,CHF,476,548,
M21744,,DEFAULT,AT,CHF,524,603,
,421479,DEFAULT,AT,CHF,524,603,
M21745,,DEFAULT,AT,CHF,1232,1447,
,421481,DEFAULT,AT,CHF,1232,1447,
M21759,,DEFAULT,AT,CHF,2931,3469,
M21759,,ORIGINAL,AT,CHF,3245,3843,
,421511,DEFAULT,AT,CHF,2931,3469,
,421511,ORIGINAL,AT,CHF,3245,3843,
M21766,,DEFAULT,AT,CHF,359,408,
,421519,DEFAULT,AT,CHF,359,408,
,421519_1,DEFAULT,AT,CHF,1395,1640,
,421519_2,DEFAULT,AT,CHF,2690,3180,
,421519_3,DEFAULT,AT,CHF,3985,4720,
M21771,,DEFAULT,AT,CHF,350,397,
,421530,DEFAULT,AT,CHF,350,397,
M21772,,DEFAULT,AT,CHF,3589,4251,
,421531,DEFAULT,AT,CHF,3589,4251,
M21773,,DEFAULT,AT,CHF,4092,4851,
,421533,DEFAULT,AT,CHF,4092,4851,
M21774,,DEFAULT,AT,CHF,1707,2012,
,421534,DEFAULT,AT,CHF,1707,2012,
M21777,,DEFAULT,AT,CHF,1477,1738,
,421538,DEFAULT,AT,CHF,1477,1738,
M21778,,DEFAULT,AT,CHF,1477,1738,
,421539,DEFAULT,AT,CHF,1477,1738,
M21779,,DEFAULT,AT,CHF,3057,3618,
,421540,DEFAULT,AT,CHF,3057,3618,
M21903,,DEFAULT,AT,CHF,1135,1331,
,421768,DEFAULT,AT,CHF,1135,1331,
M22230,,DEFAULT,AT,CHF,1104,1295,
,422524,DEFAULT,AT,CHF,1104,1295,
M22232,,DEFAULT,AT,CHF,842,983,
,422528,DEFAULT,AT,CHF,842,983,
M22269,,DEFAULT,AT,CHF,953,1115,
,422573,DEFAULT,AT,CHF,953,1115,
M22397,,DEFAULT,AT,CHF,460,528,
,422721,DEFAULT,AT,CHF,460,528,
M22398,,DEFAULT,AT,CHF,145,154,
,422722,DEFAULT,AT,CHF,145,154,
M22410,,DEFAULT,AT,CHF,803,936,
,422741,DEFAULT,AT,CHF,803,936,
M22411,,DEFAULT,AT,CHF,803,936,
,422743,DEFAULT,AT,CHF,803,936,
M22412,,DEFAULT,AT,CHF,1306,1535,
,422745,DEFAULT,AT,CHF,1306,1535,
M22432,,DEFAULT,AT,CHF,651,756,
,422780,DEFAULT,AT,CHF,651,756,
M22484,,DEFAULT,AT,CHF,185,202,
,422855,DEFAULT,AT,CHF,185,202,
M22613,,DEFAULT,AT,CHF,299,337,
,423105,DEFAULT,AT,CHF,299,337,
M22660,,DEFAULT,AT,CHF,199,217,
M22660,,ORIGINAL,AT,CHF,210,230,
,423172,DEFAULT,AT,CHF,199,217,
,423172,ORIGINAL,AT,CHF,210,230,
M22661,,DEFAULT,AT,CHF,199,217,
,423173,DEFAULT,AT,CHF,199,217,
M22662,,DEFAULT,AT,CHF,199,217,
,423174,DEFAULT,AT,CHF,199,217,
M22663,,DEFAULT,AT,CHF,199,217,
M22663,,ORIGINAL,AT,CHF,210,230,
,423175,DEFAULT,AT,CHF,199,217,
,423175,ORIGINAL,AT,CHF,210,230,
M22664,,DEFAULT,AT,CHF,194,212,
,423178,DEFAULT,AT,CHF,194,212,
M22682,,DEFAULT,AT,CHF,5356,6355,
,423237,DEFAULT,AT,CHF,5356,6355,
M22293,,DEFAULT,AT,CHF,272,305,
,423383,DEFAULT,AT,CHF,272,305,
M22796,,DEFAULT,AT,CHF,204,225,
M22796,,ORIGINAL,AT,CHF,215,238,
,423452,DEFAULT,AT,CHF,204,225,
,423452,ORIGINAL,AT,CHF,215,238,
M22797,,DEFAULT,AT,CHF,199,218,
,423456,DEFAULT,AT,CHF,199,218,
M23067,,DEFAULT,AT,CHF,3953,4685,
,423909,DEFAULT,AT,CHF,3953,4685,
M23340,,DEFAULT,AT,CHF,942,1103,
,424265,DEFAULT,AT,CHF,942,1103,
M23343,,DEFAULT,AT,CHF,1342,1578,
,424270,DEFAULT,AT,CHF,1342,1578,
M23345,,DEFAULT,AT,CHF,662,768,
,424273,DEFAULT,AT,CHF,662,768,
M23432,,DEFAULT,AT,CHF,162,175,
,424372,DEFAULT,AT,CHF,162,175,
M23436,,DEFAULT,AT,CHF,237,264,
,424384,DEFAULT,AT,CHF,237,264,
M23438,,DEFAULT,AT,CHF,259,290,
,424390,DEFAULT,AT,CHF,259,290,
M23440,,DEFAULT,AT,CHF,259,290,
,424397,DEFAULT,AT,CHF,259,290,
M23441,,DEFAULT,AT,CHF,259,290,
,424400,DEFAULT,AT,CHF,259,290,
M23444,,DEFAULT,AT,CHF,304,342,
,424409,DEFAULT,AT,CHF,304,342,
M23450,,DEFAULT,AT,CHF,250,278,
,424430,DEFAULT,AT,CHF,250,278,
M23451,,DEFAULT,AT,CHF,250,278,
,424431,DEFAULT,AT,CHF,250,278,
M23454,,DEFAULT,AT,CHF,270,304,
,424442,DEFAULT,AT,CHF,270,304,
M23455,,DEFAULT,AT,CHF,270,304,
,424447,DEFAULT,AT,CHF,270,304,
M23456,,DEFAULT,AT,CHF,411,471,
,424449,DEFAULT,AT,CHF,411,471,
M23457,,DEFAULT,AT,CHF,379,432,
,424453,DEFAULT,AT,CHF,379,432,
M23459,,DEFAULT,AT,CHF,888,1039,
,424463,DEFAULT,AT,CHF,888,1039,
M23460,,DEFAULT,AT,CHF,477,549,
,424464,DEFAULT,AT,CHF,477,549,
M23461,,DEFAULT,AT,CHF,304,342,
,424466,DEFAULT,AT,CHF,304,342,
M23462,,DEFAULT,AT,CHF,275,308,
,424472,DEFAULT,AT,CHF,275,308,
M23463,,DEFAULT,AT,CHF,275,308,
,424475,DEFAULT,AT,CHF,275,308,
M23467,,DEFAULT,AT,CHF,411,471,
,424493,DEFAULT,AT,CHF,411,471,
M23468,,DEFAULT,AT,CHF,422,484,
,424496,DEFAULT,AT,CHF,422,484,
M23469,,DEFAULT,AT,CHF,520,601,
,424503,DEFAULT,AT,CHF,520,601,
M23470,,DEFAULT,AT,CHF,445,510,
,424506,DEFAULT,AT,CHF,445,510,
M23471,,DEFAULT,AT,CHF,369,420,
,424510,DEFAULT,AT,CHF,369,420,
M23472,,DEFAULT,AT,CHF,553,639,
,424513,DEFAULT,AT,CHF,553,639,
M23473,,DEFAULT,AT,CHF,325,369,
,424516,DEFAULT,AT,CHF,325,369,
M23475,,DEFAULT,AT,CHF,530,613,
,424527,DEFAULT,AT,CHF,530,613,
M23476,,DEFAULT,AT,CHF,530,613,
,424528,DEFAULT,AT,CHF,530,613,
M23477,,DEFAULT,AT,CHF,530,613,
,424529,DEFAULT,AT,CHF,530,613,
M23478,,DEFAULT,AT,CHF,530,613,
,424530,DEFAULT,AT,CHF,530,613,
M23479,,DEFAULT,AT,CHF,780,910,
,424531,DEFAULT,AT,CHF,780,910,
M23482,,DEFAULT,AT,CHF,314,355,
,424542,DEFAULT,AT,CHF,314,355,
M23484,,DEFAULT,AT,CHF,369,420,
,424546,DEFAULT,AT,CHF,369,420,
M23486,,DEFAULT,AT,CHF,411,471,
,424549,DEFAULT,AT,CHF,411,471,
M23487,,DEFAULT,AT,CHF,411,471,
,424550,DEFAULT,AT,CHF,411,471,
M23488,,DEFAULT,AT,CHF,422,484,
,424551,DEFAULT,AT,CHF,422,484,
M23510,,DEFAULT,AT,CHF,877,1025,
,424599,DEFAULT,AT,CHF,877,1025,
M23512,,DEFAULT,AT,CHF,195,213,
,424605,DEFAULT,AT,CHF,195,213,
M23513,,DEFAULT,AT,CHF,202,221,
,424606,DEFAULT,AT,CHF,202,221,
M23720,,DEFAULT,AT,CHF,1570,1849,
,425073,DEFAULT,AT,CHF,1570,1849,
M23721,,DEFAULT,AT,CHF,2133,2520,
,425074,DEFAULT,AT,CHF,2133,2520,
M23722,,DEFAULT,AT,CHF,5321,6314,
,425075,DEFAULT,AT,CHF,5321,6314,
M23724,,DEFAULT,AT,CHF,1018,1193,
,425078,DEFAULT,AT,CHF,1018,1193,
M23723,,DEFAULT,AT,CHF,769,896,
,425079,DEFAULT,AT,CHF,769,896,
M23725,,DEFAULT,AT,CHF,1808,2133,
,425082,DEFAULT,AT,CHF,1808,2133,
M23726,,DEFAULT,AT,CHF,1962,2316,
,425083,DEFAULT,AT,CHF,1962,2316,
M23727,,DEFAULT,AT,CHF,2663,3151,
,425084,DEFAULT,AT,CHF,2663,3151,
M26415,,DEFAULT,AT,CHF,3410,4039,
,425086,DEFAULT,AT,CHF,3410,4039,
M23729,,DEFAULT,AT,CHF,2566,3035,
,425087,DEFAULT,AT,CHF,2566,3035,
M23730,,DEFAULT,AT,CHF,553,639,
,425088,DEFAULT,AT,CHF,553,639,
M23731,,DEFAULT,AT,CHF,617,715,
,425090,DEFAULT,AT,CHF,617,715,
M23732,,DEFAULT,AT,CHF,877,1025,
,425093,DEFAULT,AT,CHF,877,1025,
M26416,,DEFAULT,AT,CHF,4222,5006,
,425096,DEFAULT,AT,CHF,4222,5006,
M26417,,DEFAULT,AT,CHF,1668,1966,
,425097,DEFAULT,AT,CHF,1668,1966,
M26418,,DEFAULT,AT,CHF,2014,2377,
,425098,DEFAULT,AT,CHF,2014,2377,
M26419,,DEFAULT,AT,CHF,2675,3164,
,425099,DEFAULT,AT,CHF,2675,3164,
M26420,,DEFAULT,AT,CHF,2783,3293,
,425100,DEFAULT,AT,CHF,2783,3293,
M23751,,DEFAULT,AT,CHF,3260,3860,
,425123,DEFAULT,AT,CHF,3260,3860,
M23766,,DEFAULT,AT,CHF,1180,1387,
,425140,DEFAULT,AT,CHF,1180,1387,
M23770,,DEFAULT,AT,CHF,2047,2417,
,425149,DEFAULT,AT,CHF,2047,2417,
M23764,,DEFAULT,AT,CHF,2155,2546,
,425150,DEFAULT,AT,CHF,2155,2546,
M23771,,DEFAULT,AT,CHF,3021,3576,
,425152,DEFAULT,AT,CHF,3021,3576,
M23777,,DEFAULT,AT,CHF,1414,1664,
,425159,DEFAULT,AT,CHF,1414,1664,
M24143,,DEFAULT,AT,CHF,715,831,
,425751,DEFAULT,AT,CHF,715,831,
M24416,,DEFAULT,AT,CHF,7134,8472,
,426376,DEFAULT,AT,CHF,7134,8472,
M24417,,DEFAULT,AT,CHF,12983,15430,
,426377,DEFAULT,AT,CHF,12983,15430,
M24418,,DEFAULT,AT,CHF,18395,21872,
M24418,,ORIGINAL,AT,CHF,20427,24291,
,426378,DEFAULT,AT,CHF,18395,21872,
,426378,ORIGINAL,AT,CHF,20427,24291,
M24563,,DEFAULT,AT,CHF,1859,2193,
,426531,DEFAULT,AT,CHF,1859,2193,
M24605,,DEFAULT,AT,CHF,4119,4883,
M24605,,ORIGINAL,AT,CHF,4565,5414,
,426581,DEFAULT,AT,CHF,4119,4883,
,426581,ORIGINAL,AT,CHF,4565,5414,
M24606,,DEFAULT,AT,CHF,884,1033,
,426582,DEFAULT,AT,CHF,884,1033,
M24609,,DEFAULT,AT,CHF,8050,9560,
,426587,DEFAULT,AT,CHF,8050,9560,
M24610,,DEFAULT,AT,CHF,2906,3440,
,426588,DEFAULT,AT,CHF,2906,3440,
M24612,,DEFAULT,AT,CHF,1646,1941,
,426590,DEFAULT,AT,CHF,1646,1941,
M24613,,DEFAULT,AT,CHF,986,1154,
,426591,DEFAULT,AT,CHF,986,1154,
M24632,,DEFAULT,AT,CHF,11448,13604,
,426615,DEFAULT,AT,CHF,11448,13604,
M24637,,DEFAULT,AT,CHF,1244,1462,
,426620,DEFAULT,AT,CHF,1244,1462,
M25598,,DEFAULT,AT,CHF,1368,1609,
,427913,DEFAULT,AT,CHF,1368,1609,
M25599,,DEFAULT,AT,CHF,2443,2889,
,427914,DEFAULT,AT,CHF,2443,2889,
M25600,,DEFAULT,AT,CHF,1795,2117,
,427915,DEFAULT,AT,CHF,1795,2117,
M1002203,,DEFAULT,AT,CHF,18526,22027,
,463981,DEFAULT,AT,CHF,18526,22027,
M1014629,,DEFAULT,AT,CHF,38999,46389,
,463994,DEFAULT,AT,CHF,38999,46389,
M1024601,,DEFAULT,AT,CHF,44733,53213,
,464000,DEFAULT,AT,CHF,44733,53213,
M1015356,,DEFAULT,AT,CHF,44733,53213,
,464001,DEFAULT,AT,CHF,44733,53213,
M1015355,,DEFAULT,AT,CHF,44733,53213,
,464002,DEFAULT,AT,CHF,44733,53213,
M1014645,,DEFAULT,AT,CHF,80303,95541,
,464003,DEFAULT,AT,CHF,80303,95541,
M1014646,,DEFAULT,AT,CHF,211785,252005,
,464004,DEFAULT,AT,CHF,211785,252005,
M1014653,,DEFAULT,AT,CHF,67796,80659,
,464005,DEFAULT,AT,CHF,67796,80659,
M1014656,,DEFAULT,AT,CHF,55618,66220,
,464007,DEFAULT,AT,CHF,55618,66220,
M1014642,,DEFAULT,AT,CHF,56207,66868,
,464012,DEFAULT,AT,CHF,56207,66868,
M1014643,,DEFAULT,AT,CHF,63091,75060,
,464013,DEFAULT,AT,CHF,63091,75060,
M1014644,,DEFAULT,AT,CHF,72271,85984,
,464014,DEFAULT,AT,CHF,72271,85984,
M88181,,DEFAULT,AT,CHF,246792,293664,
,490001,DEFAULT,AT,CHF,246792,293664,
M88182,,DEFAULT,AT,CHF,281214,334627,
,490002,DEFAULT,AT,CHF,281214,334627,
M857,,DEFAULT,AT,CHF,29074,34579,
,500344,DEFAULT,AT,CHF,29074,34579,
M75730,,DEFAULT,AT,CHF,23295,27702,
,500380,DEFAULT,AT,CHF,23295,27702,
M852,,DEFAULT,AT,CHF,39067,46471,
,500487,DEFAULT,AT,CHF,39067,46471,
M58335,,DEFAULT,AT,CHF,38822,46179,
,500942,DEFAULT,AT,CHF,38822,46179,
M58336,,DEFAULT,AT,CHF,64144,76312,
,500946,DEFAULT,AT,CHF,64144,76312,
M58315,,DEFAULT,AT,CHF,33259,39559,
,501000,DEFAULT,AT,CHF,33259,39559,
M62306,,DEFAULT,AT,CHF,8865,10532,
,501022,DEFAULT,AT,CHF,8865,10532,
M62301,,DEFAULT,AT,CHF,6077,7213,
,501039,DEFAULT,AT,CHF,6077,7213,
M62305,,DEFAULT,AT,CHF,7625,9054,
,501040,DEFAULT,AT,CHF,7625,9054,
M68854,,DEFAULT,AT,CHF,70895,84346,
,501517,DEFAULT,AT,CHF,70895,84346,
M68726,,DEFAULT,AT,CHF,24768,29456,
,502173,DEFAULT,AT,CHF,24768,29456,
M68727,,DEFAULT,AT,CHF,26374,31367,
,502178,DEFAULT,AT,CHF,26374,31367,
M1896,,DEFAULT,AT,CHF,64792,77085,
,506670,DEFAULT,AT,CHF,64792,77085,
M858,,DEFAULT,AT,CHF,48512,57711,
,506719,DEFAULT,AT,CHF,48512,57711,
M859,,DEFAULT,AT,CHF,53880,64099,
,507871,DEFAULT,AT,CHF,53880,64099,
M75686,,DEFAULT,AT,CHF,53605,63771,
,507920,DEFAULT,AT,CHF,53605,63771,
M856,,DEFAULT,AT,CHF,27838,33108,
,508165,DEFAULT,AT,CHF,27838,33108,
M43347,,DEFAULT,AT,CHF,20834,24773,
,508321,DEFAULT,AT,CHF,20834,24773,
M75727,,DEFAULT,AT,CHF,66080,78617,
,508328,DEFAULT,AT,CHF,66080,78617,
M75700,,DEFAULT,AT,CHF,31820,37846,
,508330,DEFAULT,AT,CHF,31820,37846,
M75685,,DEFAULT,AT,CHF,54451,64779,
,508378,DEFAULT,AT,CHF,54451,64779,
M55895,,DEFAULT,AT,CHF,45881,54579,
,509070,DEFAULT,AT,CHF,45881,54579,
M1014874,,DEFAULT,AT,CHF,21785,25906,
,512067,DEFAULT,AT,CHF,21785,25906,
M1014866,,DEFAULT,AT,CHF,22933,27270,
,512081,DEFAULT,AT,CHF,22933,27270,
M1014871,,DEFAULT,AT,CHF,22933,27270,
,512086,DEFAULT,AT,CHF,22933,27270,
M1014870,,DEFAULT,AT,CHF,22933,27270,
,512094,DEFAULT,AT,CHF,22933,27270,
M1013168,,DEFAULT,AT,CHF,8464,10053,
,517598,DEFAULT,AT,CHF,8464,10053,
M1013287,,DEFAULT,AT,CHF,14143,16812,
,517630,DEFAULT,AT,CHF,14143,16812,
M1013541,,DEFAULT,AT,CHF,17551,20867,
,519762,DEFAULT,AT,CHF,17551,20867,
M1016129,,DEFAULT,AT,CHF,36242,43109,
,520561,DEFAULT,AT,CHF,36242,43109,
M55936,,DEFAULT,AT,CHF,25548,30382,
,544183,DEFAULT,AT,CHF,25548,30382,
M1028702,,DEFAULT,AT,CHF,80303,95541,
,573330,DEFAULT,AT,CHF,80303,95541,
M58227,,DEFAULT,AT,CHF,11291,13417,
,573872,DEFAULT,AT,CHF,11291,13417,
M58228,,DEFAULT,AT,CHF,14584,17336,
,573874,DEFAULT,AT,CHF,14584,17336,
M58230,,DEFAULT,AT,CHF,23300,27708,
,573878,DEFAULT,AT,CHF,23300,27708,
M58312,,DEFAULT,AT,CHF,22089,26267,
,573880,DEFAULT,AT,CHF,22089,26267,
M58313,,DEFAULT,AT,CHF,23104,27474,
,573882,DEFAULT,AT,CHF,23104,27474,
M58314,,DEFAULT,AT,CHF,23446,27881,
,573884,DEFAULT,AT,CHF,23446,27881,
M54107,,DEFAULT,AT,CHF,34265,40758,
,573887,DEFAULT,AT,CHF,34265,40758,
M54110,,DEFAULT,AT,CHF,64692,76965,
,573888,DEFAULT,AT,CHF,64692,76965,
M54111,,DEFAULT,AT,CHF,62733,74634,
,573889,DEFAULT,AT,CHF,62733,74634,
M54113,,DEFAULT,AT,CHF,114725,136504,
,573890,DEFAULT,AT,CHF,114725,136504,
M55937,,DEFAULT,AT,CHF,45881,54579,
,573906,DEFAULT,AT,CHF,45881,54579,
M1018211,,DEFAULT,AT,CHF,41406,49254,
,573939,DEFAULT,AT,CHF,41406,49254,
M635,,DEFAULT,AT,CHF,120004,142785,
,574598,DEFAULT,AT,CHF,120004,142785,
M1014496,,DEFAULT,AT,CHF,137214,163267,
,574599,DEFAULT,AT,CHF,137214,163267,
M636,,DEFAULT,AT,CHF,175079,208325,
,574601,DEFAULT,AT,CHF,175079,208325,
M74966,,DEFAULT,AT,CHF,175079,208325,
,574602,DEFAULT,AT,CHF,175079,208325,
M1014502,,DEFAULT,AT,CHF,180816,215153,
,574603,DEFAULT,AT,CHF,180816,215153,
M1028095,,DEFAULT,AT,CHF,9611,11419,
,574969,DEFAULT,AT,CHF,9611,11419,
M49320,,DEFAULT,AT,CHF,83745,99637,
,574971,DEFAULT,AT,CHF,83745,99637,
M78380,,DEFAULT,AT,CHF,86877,103366,
,574972,DEFAULT,AT,CHF,86877,103366,
M90850,,DEFAULT,AT,CHF,114725,136504,
,574973,DEFAULT,AT,CHF,114725,136504,
M1017945,,DEFAULT,AT,CHF,41291,49117,
,574987,DEFAULT,AT,CHF,41291,49117,
M1017905,,DEFAULT,AT,CHF,83389,99215,
M1017905,,ORIGINAL,AT,CHF,92643,110227,
,574995,DEFAULT,AT,CHF,83389,99215,
,574995,ORIGINAL,AT,CHF,92643,110227,
M72939,,DEFAULT,AT,CHF,61352,72990,
,575056,DEFAULT,AT,CHF,61352,72990,
M72940,,DEFAULT,AT,CHF,66519,79139,
,575057,DEFAULT,AT,CHF,66519,79139,
M72942,,DEFAULT,AT,CHF,73624,87593,
,575058,DEFAULT,AT,CHF,73624,87593,
M72943,,DEFAULT,AT,CHF,75669,90027,
,575059,DEFAULT,AT,CHF,75669,90027,
M72944,,DEFAULT,AT,CHF,79760,94896,
,575060,DEFAULT,AT,CHF,79760,94896,
M72945,,DEFAULT,AT,CHF,83851,99764,
,575061,DEFAULT,AT,CHF,83851,99764,
M1017902,,DEFAULT,AT,CHF,75562,89900,
,575065,DEFAULT,AT,CHF,75562,89900,
M1022632,,DEFAULT,AT,CHF,41061,48842,
,575186,DEFAULT,AT,CHF,41061,48842,
M1022643,,DEFAULT,AT,CHF,41061,48842,
,575191,DEFAULT,AT,CHF,41061,48842,
M1022640,,DEFAULT,AT,CHF,34924,41541,
,575193,DEFAULT,AT,CHF,34924,41541,
M1028061,,DEFAULT,AT,CHF,25451,30268,
,575257,DEFAULT,AT,CHF,25451,30268,
M1028062,,DEFAULT,AT,CHF,27658,32894,
,575260,DEFAULT,AT,CHF,27658,32894,
M1030133,,DEFAULT,AT,CHF,16785,19955,
,575284,DEFAULT,AT,CHF,16785,19955,
M29930,,DEFAULT,AT,CHF,1065836,1268326,
,621613,DEFAULT,AT,CHF,1065836,1268326,
M29929,,DEFAULT,AT,CHF,958186,1140223,
,621614,DEFAULT,AT,CHF,958186,1140223,
M29931,,DEFAULT,AT,CHF,882831,1050549,
,621618,DEFAULT,AT,CHF,882831,1050549,
M1028483,,DEFAULT,AT,CHF,25485,30308,
,632992,DEFAULT,AT,CHF,25485,30308,
M21705,,DEFAULT,AT,CHF,1939,2288,
,655941,DEFAULT,AT,CHF,1939,2288,
M83,,DEFAULT,AT,CHF,11251,13370,
,657712,DEFAULT,AT,CHF,11251,13370,
M84,,DEFAULT,AT,CHF,11251,13370,
,657713,DEFAULT,AT,CHF,11251,13370,
M85,,DEFAULT,AT,CHF,11251,13370,
,657714,DEFAULT,AT,CHF,11251,13370,
M86,,DEFAULT,AT,CHF,11251,13370,
,657715,DEFAULT,AT,CHF,11251,13370,
M87,,DEFAULT,AT,CHF,11251,13370,
,657716,DEFAULT,AT,CHF,11251,13370,
M111,,DEFAULT,AT,CHF,18399,21876,
,673327,DEFAULT,AT,CHF,18399,21876,
M12656,,DEFAULT,AT,CHF,23116,27489,
,107255,DEFAULT,AT,CHF,23116,27489,
service-001,,DEFAULT,AT,CHF,9000,10000,
service-002,,DEFAULT,AT,CHF,18000,20000,
service-003,,DEFAULT,AT,CHF,26000,30000,
service-004,,DEFAULT,AT,CHF,34000,40000,
SS-BV-1001,,DEFAULT,AT,CHF,0,98500,
SS-BV-1001,,ORIGINAL,AT,CHF,0,98500,
TS-PT100-202,,DEFAULT,AT,CHF,0,118800,
TS-PT100-202,,ORIGINAL,AT,CHF,0,118800,
IE-1103,,DEFAULT,AT,CHF,0,98600,
IE-1103,,ORIGINAL,AT,CHF,0,98600,
CP-2080,,DEFAULT,AT,CHF,0,29700,
CP-2080,,ORIGINAL,AT,CHF,0,29700,
GS-HE-4002,,DEFAULT,AT,CHF,0,101800,
GS-HE-4002,,ORIGINAL,AT,CHF,0,101800,
SB-H1500,,DEFAULT,AT,CHF,0,24700,
SB-H1500,,ORIGINAL,AT,CHF,0,24700,
CRPU-0032,,DEFAULT,AT,CHF,0,44000,
CRPU-0032,,ORIGINAL,AT,CHF,0,44000,
FGV-2502,,DEFAULT,AT,CHF,0,111100,
FGV-2502,,ORIGINAL,AT,CHF,0,111100,
STL-7010,,DEFAULT,AT,CHF,0,37800,
STL-7010,,ORIGINAL,AT,CHF,0,37800,
HP-ECO-45K,,DEFAULT,AT,CHF,0,19200,
HP-ECO-45K,,ORIGINAL,AT,CHF,0,19200,
DPS-1600,,DEFAULT,AT,CHF,0,90600,
DPS-1600,,ORIGINAL,AT,CHF,0,90600,
HPCP-3020,,DEFAULT,AT,CHF,0,108900,
HPCP-3020,,ORIGINAL,AT,CHF,0,108900,
BISP-7001,,DEFAULT,AT,CHF,0,27600,
BISP-7001,,ORIGINAL,AT,CHF,0,27600,
SSV-DN40-225,,DEFAULT,AT,CHF,0,70200,
SSV-DN40-225,,ORIGINAL,AT,CHF,0,70200,
VSB-2500,,DEFAULT,AT,CHF,0,67900,
VSB-2500,,ORIGINAL,AT,CHF,0,67900,
IBP-SS-09,,DEFAULT,AT,CHF,0,69100,
IBP-SS-09,,ORIGINAL,AT,CHF,0,69100,
DCA-900,,DEFAULT,AT,CHF,0,105100,
DCA-900,,ORIGINAL,AT,CHF,0,105100,
DTC-920,,DEFAULT,AT,CHF,0,72400,
DTC-920,,ORIGINAL,AT,CHF,0,72400,
ET-HS-120,,DEFAULT,AT,CHF,0,113700,
ET-HS-120,,ORIGINAL,AT,CHF,0,113700,
HP-IND-60K,,DEFAULT,AT,CHF,0,12800,
HP-IND-60K,,ORIGINAL,AT,CHF,0,12800,
,SS-BV-1001-1,DEFAULT,AT,CHF,0,22800,
,SS-BV-1001-1,ORIGINAL,AT,CHF,0,22800,
,SS-BV-1001-2,DEFAULT,AT,CHF,0,70900,
,SS-BV-1001-2,ORIGINAL,AT,CHF,0,70900,
,TS-PT100-202-1,DEFAULT,AT,CHF,0,83600,
,TS-PT100-202-1,ORIGINAL,AT,CHF,0,83600,
,TS-PT100-202-2,DEFAULT,AT,CHF,0,57700,
,TS-PT100-202-2,ORIGINAL,AT,CHF,0,57700,
,TS-PT100-202-3,DEFAULT,AT,CHF,0,84600,
,TS-PT100-202-3,ORIGINAL,AT,CHF,0,84600,
,TS-PT100-202-4,DEFAULT,AT,CHF,0,111800,
,TS-PT100-202-4,ORIGINAL,AT,CHF,0,111800,
,IE-1103-1,DEFAULT,AT,CHF,0,102000,
,IE-1103-1,ORIGINAL,AT,CHF,0,102000,
,IE-1103-2,DEFAULT,AT,CHF,0,101100,
,IE-1103-2,ORIGINAL,AT,CHF,0,101100,
,IE-1103-3,DEFAULT,AT,CHF,0,24000,
,IE-1103-3,ORIGINAL,AT,CHF,0,24000,
,CP-2080-1,DEFAULT,AT,CHF,0,115200,
,CP-2080-1,ORIGINAL,AT,CHF,0,115200,
,CP-2080-2,DEFAULT,AT,CHF,0,22400,
,CP-2080-2,ORIGINAL,AT,CHF,0,22400,
,GS-HE-4002-1,DEFAULT,AT,CHF,0,51900,
,GS-HE-4002-1,ORIGINAL,AT,CHF,0,51900,
,GS-HE-4002-2,DEFAULT,AT,CHF,0,87000,
,GS-HE-4002-2,ORIGINAL,AT,CHF,0,87000,
,GS-HE-4002-3,DEFAULT,AT,CHF,0,113100,
,GS-HE-4002-3,ORIGINAL,AT,CHF,0,113100,
,SB-H1500-1,DEFAULT,AT,CHF,0,37400,
,SB-H1500-1,ORIGINAL,AT,CHF,0,37400,
,SB-H1500-2,DEFAULT,AT,CHF,0,108700,
,SB-H1500-2,ORIGINAL,AT,CHF,0,108700,
,SB-H1500-3,DEFAULT,AT,CHF,0,17400,
,SB-H1500-3,ORIGINAL,AT,CHF,0,17400,
,CRPU-0032-1,DEFAULT,AT,CHF,0,81600,
,CRPU-0032-1,ORIGINAL,AT,CHF,0,81600,
,CRPU-0032-2,DEFAULT,AT,CHF,0,60300,
,CRPU-0032-2,ORIGINAL,AT,CHF,0,60300,
,FGV-2502-1,DEFAULT,AT,CHF,0,58000,
,FGV-2502-1,ORIGINAL,AT,CHF,0,58000,
,FGV-2502-2,DEFAULT,AT,CHF,0,41800,
,FGV-2502-2,ORIGINAL,AT,CHF,0,41800,
,FGV-2502-3,DEFAULT,AT,CHF,0,54900,
,FGV-2502-3,ORIGINAL,AT,CHF,0,54900,
,STL-7010-1,DEFAULT,AT,CHF,0,21400,
,STL-7010-1,ORIGINAL,AT,CHF,0,21400,
,STL-7010-2,DEFAULT,AT,CHF,0,24900,
,STL-7010-2,ORIGINAL,AT,CHF,0,24900,
,HP-ECO-45K-1,DEFAULT,AT,CHF,0,60100,
,HP-ECO-45K-1,ORIGINAL,AT,CHF,0,60100,
,HP-ECO-45K-2,DEFAULT,AT,CHF,0,108700,
,HP-ECO-45K-2,ORIGINAL,AT,CHF,0,108700,
,HP-ECO-45K-3,DEFAULT,AT,CHF,0,19900,
,HP-ECO-45K-3,ORIGINAL,AT,CHF,0,19900,
,DPS-1600-1,DEFAULT,AT,CHF,0,71000,
,DPS-1600-1,ORIGINAL,AT,CHF,0,71000,
,DPS-1600-2,DEFAULT,AT,CHF,0,17600,
,DPS-1600-2,ORIGINAL,AT,CHF,0,17600,
,HPCP-3020-1,DEFAULT,AT,CHF,0,21700,
,HPCP-3020-1,ORIGINAL,AT,CHF,0,21700,
,HPCP-3020-2,DEFAULT,AT,CHF,0,13200,
,HPCP-3020-2,ORIGINAL,AT,CHF,0,13200,
,BISP-7001-1,DEFAULT,AT,CHF,0,113100,
,BISP-7001-1,ORIGINAL,AT,CHF,0,113100,
,BISP-7001-2,DEFAULT,AT,CHF,0,110500,
,BISP-7001-2,ORIGINAL,AT,CHF,0,110500,
,SSV-DN40-225-1,DEFAULT,AT,CHF,0,38600,
,SSV-DN40-225-1,ORIGINAL,AT,CHF,0,38600,
,SSV-DN40-225-2,DEFAULT,AT,CHF,0,57000,
,SSV-DN40-225-2,ORIGINAL,AT,CHF,0,57000,
,VSB-2500-1,DEFAULT,AT,CHF,0,72900,
,VSB-2500-1,ORIGINAL,AT,CHF,0,72900,
,VSB-2500-2,DEFAULT,AT,CHF,0,35000,
,VSB-2500-2,ORIGINAL,AT,CHF,0,35000,
,IBP-SS-09-1,DEFAULT,AT,CHF,0,67300,
,IBP-SS-09-1,ORIGINAL,AT,CHF,0,67300,
,IBP-SS-09-2,DEFAULT,AT,CHF,0,26500,
,IBP-SS-09-2,ORIGINAL,AT,CHF,0,26500,
,DCA-900-1,DEFAULT,AT,CHF,0,18200,
,DCA-900-1,ORIGINAL,AT,CHF,0,18200,
,DCA-900-2,DEFAULT,AT,CHF,0,47400,
,DCA-900-2,ORIGINAL,AT,CHF,0,47400,
,DCA-900-3,DEFAULT,AT,CHF,0,62100,
,DCA-900-3,ORIGINAL,AT,CHF,0,62100,
,DTC-920-1,DEFAULT,AT,CHF,0,118600,
,DTC-920-1,ORIGINAL,AT,CHF,0,118600,
,DTC-920-2,DEFAULT,AT,CHF,0,25500,
,DTC-920-2,ORIGINAL,AT,CHF,0,25500,
,DTC-920-3,DEFAULT,AT,CHF,0,108600,
,DTC-920-3,ORIGINAL,AT,CHF,0,108600,
,ET-HS-120-1,DEFAULT,AT,CHF,0,107600,
,ET-HS-120-1,ORIGINAL,AT,CHF,0,107600,
,ET-HS-120-2,DEFAULT,AT,CHF,0,17700,
,ET-HS-120-2,ORIGINAL,AT,CHF,0,17700,
,ET-HS-120-3,DEFAULT,AT,CHF,0,88900,
,ET-HS-120-3,ORIGINAL,AT,CHF,0,88900,
,HP-IND-60K-1,DEFAULT,AT,CHF,0,82600,
,HP-IND-60K-1,ORIGINAL,AT,CHF,0,82600,
,HP-IND-60K-2,DEFAULT,AT,CHF,0,21200,
,HP-IND-60K-2,ORIGINAL,AT,CHF,0,21200,
SS-BV-1001,,DEFAULT,AT,EUR,0,98500,
SS-BV-1001,,ORIGINAL,AT,EUR,0,98500,
TS-PT100-202,,DEFAULT,AT,EUR,0,118800,
TS-PT100-202,,ORIGINAL,AT,EUR,0,118800,
IE-1103,,DEFAULT,AT,EUR,0,98600,
IE-1103,,ORIGINAL,AT,EUR,0,98600,
CP-2080,,DEFAULT,AT,EUR,0,29700,
CP-2080,,ORIGINAL,AT,EUR,0,29700,
GS-HE-4002,,DEFAULT,AT,EUR,0,101800,
GS-HE-4002,,ORIGINAL,AT,EUR,0,101800,
SB-H1500,,DEFAULT,AT,EUR,0,24700,
SB-H1500,,ORIGINAL,AT,EUR,0,24700,
CRPU-0032,,DEFAULT,AT,EUR,0,44000,
CRPU-0032,,ORIGINAL,AT,EUR,0,44000,
FGV-2502,,DEFAULT,AT,EUR,0,111100,
FGV-2502,,ORIGINAL,AT,EUR,0,111100,
STL-7010,,DEFAULT,AT,EUR,0,37800,
STL-7010,,ORIGINAL,AT,EUR,0,37800,
HP-ECO-45K,,DEFAULT,AT,EUR,0,19200,
HP-ECO-45K,,ORIGINAL,AT,EUR,0,19200,
DPS-1600,,DEFAULT,AT,EUR,0,90600,
DPS-1600,,ORIGINAL,AT,EUR,0,90600,
HPCP-3020,,DEFAULT,AT,EUR,0,108900,
HPCP-3020,,ORIGINAL,AT,EUR,0,108900,
BISP-7001,,DEFAULT,AT,EUR,0,27600,
BISP-7001,,ORIGINAL,AT,EUR,0,27600,
SSV-DN40-225,,DEFAULT,AT,EUR,0,70200,
SSV-DN40-225,,ORIGINAL,AT,EUR,0,70200,
VSB-2500,,DEFAULT,AT,EUR,0,67900,
VSB-2500,,ORIGINAL,AT,EUR,0,67900,
IBP-SS-09,,DEFAULT,AT,EUR,0,69100,
IBP-SS-09,,ORIGINAL,AT,EUR,0,69100,
DCA-900,,DEFAULT,AT,EUR,0,105100,
DCA-900,,ORIGINAL,AT,EUR,0,105100,
DTC-920,,DEFAULT,AT,EUR,0,72400,
DTC-920,,ORIGINAL,AT,EUR,0,72400,
ET-HS-120,,DEFAULT,AT,EUR,0,113700,
ET-HS-120,,ORIGINAL,AT,EUR,0,113700,
HP-IND-60K,,DEFAULT,AT,EUR,0,12800,
HP-IND-60K,,ORIGINAL,AT,EUR,0,12800,
