concrete_sku,name,quantity,is_never_out_of_stock,is_bundle
424453,Spryker MER000008 Warehouse 1,20,1,0
1001454,Spryker MER000008 Warehouse 1,20,1,0
104937,Spryker MER000008 Warehouse 1,20,1,0
104938,Spryker MER000008 Warehouse 1,20,1,0
104939,Spryker MER000008 Warehouse 1,20,1,0
104940,Spryker MER000008 Warehouse 1,20,1,0
104517,Spryker MER000008 Warehouse 1,20,1,0
101865,Spryker MER000008 Warehouse 1,20,1,0
212440,Spryker MER000008 Warehouse 1,20,1,0
212442,Spryker MER000008 Warehouse 1,0,0,0
100682,Spryker MER000008 Warehouse 1,20,1,0
104074,Spryker MER000008 Warehouse 1,20,1,0
464004,Office King MER000009 Warehouse 1,0,0,0
463994,Office King MER000009 Warehouse 1,20,1,0
464007,Office King MER000009 Warehouse 1,20,1,0
212447,Spryker MER000008 Warehouse 1,20,1,0
101509,Spryker MER000008 Warehouse 1,20,1,0
506670,Spryker MER000008 Warehouse 1,20,1,0
508165,Spryker MER000008 Warehouse 1,20,1,0
575284,Spryker MER000008 Warehouse 1,20,1,0
574969,Spryker MER000008 Warehouse 1,20,1,0
420520,Spryker MER000008 Warehouse 1,20,1,0
420685,Spryker MER000008 Warehouse 1,0,0,0
420687,Spryker MER000008 Warehouse 1,0,1,0
420689,Spryker MER000008 Warehouse 1,20,1,0
420691,Spryker MER000008 Warehouse 1,20,1,0
421248,Spryker MER000008 Warehouse 1,20,1,0
421261,Spryker MER000008 Warehouse 1,20,0,0
421511,Spryker MER000008 Warehouse 1,20,0,0
421533,Spryker MER000008 Warehouse 1,20,1,0
421534,Spryker MER000008 Warehouse 1,20,1,0
421540,Spryker MER000008 Warehouse 1,20,0,0
421768,Spryker MER000008 Warehouse 1,20,1,0
422524,Spryker MER000008 Warehouse 1,20,1,0
423383,Spryker MER000008 Warehouse 1,20,1,0
422741,Spryker MER000008 Warehouse 1,20,1,0
422780,Spryker MER000008 Warehouse 1,0,0,0
422855,Spryker MER000008 Warehouse 1,20,1,0
423237,Spryker MER000008 Warehouse 1,20,1,0
424372,Spryker MER000008 Warehouse 1,20,1,0
424384,Spryker MER000008 Warehouse 1,20,1,0
424400,Spryker MER000008 Warehouse 1,20,1,0
424409,Spryker MER000008 Warehouse 1,20,1,0
424430,Spryker MER000008 Warehouse 1,20,1,0
424431,Spryker MER000008 Warehouse 1,20,1,0
424447,Spryker MER000008 Warehouse 1,20,1,0
424449,Spryker MER000008 Warehouse 1,20,1,0
424463,Spryker MER000008 Warehouse 1,20,1,0
424464,Spryker MER000008 Warehouse 1,20,1,0
424466,Spryker MER000008 Warehouse 1,20,1,0
424516,Spryker MER000008 Warehouse 1,20,1,0
424549,Spryker MER000008 Warehouse 1,20,1,0
424550,Spryker MER000008 Warehouse 1,20,1,0
424551,Spryker MER000008 Warehouse 1,20,1,0
424599,Spryker MER000008 Warehouse 1,20,1,0
424605,Spryker MER000008 Warehouse 1,20,1,0
425073,Spryker MER000008 Warehouse 1,20,1,0
425074,Spryker MER000008 Warehouse 1,20,1,0
425075,Spryker MER000008 Warehouse 1,20,1,0
425078,Spryker MER000008 Warehouse 1,20,1,0
425090,Spryker MER000008 Warehouse 1,20,1,0
425093,Spryker MER000008 Warehouse 1,20,1,0
425097,Spryker MER000008 Warehouse 1,20,1,0
425098,Spryker MER000008 Warehouse 1,20,1,0
425099,Spryker MER000008 Warehouse 1,20,1,0
425100,Spryker MER000008 Warehouse 1,20,1,0
425123,Spryker MER000008 Warehouse 1,20,1,0
425150,Spryker MER000008 Warehouse 1,20,1,0
425152,Spryker MER000008 Warehouse 1,20,1,0
101863,Spryker MER000008 Warehouse 1,20,1,0
100683,Spryker MER000008 Warehouse 1,20,1,0
426376,Spryker MER000008 Warehouse 1,20,1,0
426377,Spryker MER000008 Warehouse 1,20,1,0
426378,Spryker MER000008 Warehouse 1,20,1,0
426581,Spryker MER000008 Warehouse 1,20,1,0
426582,Spryker MER000008 Warehouse 1,20,1,0
426591,Spryker MER000008 Warehouse 1,20,1,0
426615,Spryker MER000008 Warehouse 1,20,1,0
107253,Spryker MER000008 Warehouse 1,20,1,0
107252,Spryker MER000008 Warehouse 1,20,1,0
673327,Spryker MER000008 Warehouse 1,20,1,0
500344,Spryker MER000008 Warehouse 1,20,1,0
506719,Spryker MER000008 Warehouse 1,20,1,0
507871,Spryker MER000008 Warehouse 1,20,1,0
509070,Spryker MER000008 Warehouse 1,20,1,0
501000,Spryker MER000008 Warehouse 1,20,1,0
501039,Spryker MER000008 Warehouse 1,20,1,0
102809,Spryker MER000008 Warehouse 1,20,1,0
107306,Spryker MER000008 Warehouse 1,20,1,0
107254,Spryker MER000008 Warehouse 1,20,1,0
107255,Spryker MER000008 Warehouse 1,20,1,0
102124,Spryker MER000008 Warehouse 1,20,1,0
102126,Spryker MER000008 Warehouse 1,20,1,0
102841,Spryker MER000008 Warehouse 1,20,1,0
100288,Spryker MER000008 Warehouse 1,20,1,0
427913,Spryker MER000008 Warehouse 1,20,1,0
427914,Spryker MER000008 Warehouse 1,20,1,0
422528,Spryker MER000008 Warehouse 1,20,1,0
103235,Spryker MER000008 Warehouse 1,20,1,0
101441,Spryker MER000008 Warehouse 1,20,1,0
102169,Spryker MER000008 Warehouse 1,20,1,0
103510,Spryker MER000008 Warehouse 1,20,1,0
102177,Spryker MER000008 Warehouse 1,20,1,0
104524,Spryker MER000008 Warehouse 1,20,1,0
101515,Spryker MER000008 Warehouse 1,20,1,0
212427,Spryker MER000008 Warehouse 1,20,1,0
517598,Spryker MER000008 Warehouse 1,20,1,0
102938,Spryker MER000008 Warehouse 1,20,1,0
102939,Spryker MER000008 Warehouse 1,20,1,0
102940,Spryker MER000008 Warehouse 1,20,1,0
102917,Spryker MER000008 Warehouse 1,20,1,0
517630,Spryker MER000008 Warehouse 1,20,1,0
102922,Spryker MER000008 Warehouse 1,20,1,0
519762,Spryker MER000008 Warehouse 1,20,1,0
102923,Spryker MER000008 Warehouse 1,20,1,0
655941,Spryker MER000008 Warehouse 1,20,1,0
413852,Spryker MER000008 Warehouse 1,20,1,0
413854,Spryker MER000008 Warehouse 1,20,1,0
400074,Office King MER000009 Warehouse 1,20,1,0
400072,Office King MER000009 Warehouse 1,20,1,0
403006,Office King MER000009 Warehouse 1,20,1,0
403125,Office King MER000009 Warehouse 1,20,1,0
401627,Office King MER000009 Warehouse 1,20,1,0
413849,Spryker MER000008 Warehouse 1,20,1,0
426587,Spryker MER000008 Warehouse 1,20,1,0
657712,Spryker MER000008 Warehouse 1,20,1,0
657713,Spryker MER000008 Warehouse 1,20,1,0
657714,Spryker MER000008 Warehouse 1,20,1,0
657715,Spryker MER000008 Warehouse 1,20,1,0
657716,Spryker MER000008 Warehouse 1,20,1,0
107313,Spryker MER000008 Warehouse 1,20,1,0
101759,Spryker MER000008 Warehouse 1,20,1,0
512094,Spryker MER000008 Warehouse 1,20,1,0
512081,Spryker MER000008 Warehouse 1,20,1,0
573872,Spryker MER000008 Warehouse 1,20,1,0
573906,Spryker MER000008 Warehouse 1,20,1,0
573939,Spryker MER000008 Warehouse 1,20,1,0
573884,Spryker MER000008 Warehouse 1,20,1,0
575193,Spryker MER000008 Warehouse 1,20,1,0
575056,Spryker MER000008 Warehouse 1,20,1,0
575057,Spryker MER000008 Warehouse 1,20,1,0
575186,Spryker MER000008 Warehouse 1,20,1,0
100666,Spryker MER000008 Warehouse 1,20,1,0
573330,Office King MER000009 Warehouse 1,20,1,0
103740,Spryker MER000008 Warehouse 1,20,1,0
408034,Spryker MER000008 Warehouse 1,20,1,0
421426,Spryker MER000008 Warehouse 1,20,1,0
421428,Spryker MER000008 Warehouse 1,20,1,0
421432,Spryker MER000008 Warehouse 1,20,1,0
421433,Spryker MER000008 Warehouse 1,20,1,0
421435,Spryker MER000008 Warehouse 1,20,1,0
421538,Spryker MER000008 Warehouse 1,20,1,0
421539,Spryker MER000008 Warehouse 1,20,1,0
422743,Spryker MER000008 Warehouse 1,20,1,0
424496,Spryker MER000008 Warehouse 1,20,1,0
424503,Spryker MER000008 Warehouse 1,20,1,0
425079,Spryker MER000008 Warehouse 1,20,1,0
426588,Spryker MER000008 Warehouse 1,20,1,0
426590,Spryker MER000008 Warehouse 1,20,1,0
419897,Spryker MER000008 Warehouse 1,20,1,0
501517,Spryker MER000008 Warehouse 1,20,1,0
574995,Spryker MER000008 Warehouse 1,20,1,0
107287,Spryker MER000008 Warehouse 1,20,1,0
573882,Spryker MER000008 Warehouse 1,20,1,0
410090,Spryker MER000008 Warehouse 1,20,1,0
419781,Spryker MER000008 Warehouse 1,20,1,0
419782,Spryker MER000008 Warehouse 1,20,1,0
212444,Spryker MER000008 Warehouse 1,20,1,0
100430,Spryker MER000008 Warehouse 1,20,1,0
100429,Spryker MER000008 Warehouse 1,20,1,0
101102,Spryker MER000008 Warehouse 1,20,1,0
420562,Spryker MER000008 Warehouse 1,20,1,0
420565,Spryker MER000008 Warehouse 1,20,1,0
420692,Spryker MER000008 Warehouse 1,20,1,0
420694,Spryker MER000008 Warehouse 1,20,1,0
420695,Spryker MER000008 Warehouse 1,20,1,0
420707,Spryker MER000008 Warehouse 1,20,1,0
420708,Spryker MER000008 Warehouse 1,20,1,0
420709,Spryker MER000008 Warehouse 1,20,1,0
420836,Spryker MER000008 Warehouse 1,20,1,0
420845,Spryker MER000008 Warehouse 1,20,1,0
421245,Spryker MER000008 Warehouse 1,20,1,0
421246,Spryker MER000008 Warehouse 1,20,1,0
421247,Spryker MER000008 Warehouse 1,20,1,0
212837,Spryker MER000008 Warehouse 1,20,1,0
400855,Office King MER000009 Warehouse 1,20,1,0
490001,Office King MER000009 Warehouse 1,20,0,0
490002,Office King MER000009 Warehouse 1,20,1,0
103838,Spryker MER000008 Warehouse 1,20,1,0
103836,Spryker MER000008 Warehouse 1,20,1,0
213216,Spryker MER000008 Warehouse 1,20,1,0
108278,Spryker MER000008 Warehouse 1,20,1,0
108298,Spryker MER000008 Warehouse 1,20,1,0
107938,Spryker MER000008 Warehouse 1,20,1,0
464012,Office King MER000009 Warehouse 1,20,1,0
464014,Office King MER000009 Warehouse 1,20,1,0
464013,Office King MER000009 Warehouse 1,20,1,0
404108,Office King MER000009 Warehouse 1,20,1,0
107063,Spryker MER000008 Warehouse 1,20,1,0
501040,Spryker MER000008 Warehouse 1,20,1,0
501022,Spryker MER000008 Warehouse 1,20,1,0
502173,Spryker MER000008 Warehouse 1,20,1,0
502178,Spryker MER000008 Warehouse 1,20,1,0
500487,Spryker MER000008 Warehouse 1,20,1,0
508378,Spryker MER000008 Warehouse 1,20,1,0
507920,Spryker MER000008 Warehouse 1,20,1,0
508330,Spryker MER000008 Warehouse 1,20,1,0
508328,Spryker MER000008 Warehouse 1,20,1,0
500380,Spryker MER000008 Warehouse 1,20,1,0
103117,Spryker MER000008 Warehouse 1,20,1,0
103118,Spryker MER000008 Warehouse 1,20,1,0
107305,Spryker MER000008 Warehouse 1,20,1,0
107310,Spryker MER000008 Warehouse 1,20,1,0
107311,Spryker MER000008 Warehouse 1,20,1,0
107273,Spryker MER000008 Warehouse 1,20,1,0
107315,Spryker MER000008 Warehouse 1,20,1,0
101171,Spryker MER000008 Warehouse 1,20,1,0
102121,Spryker MER000008 Warehouse 1,20,1,0
102128,Spryker MER000008 Warehouse 1,20,1,0
102130,Spryker MER000008 Warehouse 1,20,1,0
100414,Spryker MER000008 Warehouse 1,20,1,0
104151,Spryker MER000008 Warehouse 1,20,1,0
104440,Spryker MER000008 Warehouse 1,20,1,0
104445,Spryker MER000008 Warehouse 1,20,1,0
101007,Spryker MER000008 Warehouse 1,20,1,0
100999,Spryker MER000008 Warehouse 1,20,1,0
102180,Spryker MER000008 Warehouse 1,20,1,0
102181,Spryker MER000008 Warehouse 1,20,1,0
102182,Spryker MER000008 Warehouse 1,20,1,0
102183,Spryker MER000008 Warehouse 1,20,1,0
102708,Spryker MER000008 Warehouse 1,20,1,0
102712,Spryker MER000008 Warehouse 1,20,1,0
102976,Spryker MER000008 Warehouse 1,20,1,0
103388,Spryker MER000008 Warehouse 1,20,1,0
102972,Spryker MER000008 Warehouse 1,20,1,0
101940,Spryker MER000008 Warehouse 1,20,1,0
100949,Spryker MER000008 Warehouse 1,20,1,0
104190,Spryker MER000008 Warehouse 1,20,1,0
104192,Spryker MER000008 Warehouse 1,20,1,0
104523,Spryker MER000008 Warehouse 1,20,1,0
100588,Spryker MER000008 Warehouse 1,20,1,0
102988,Spryker MER000008 Warehouse 1,20,1,0
107403,Spryker MER000008 Warehouse 1,20,1,0
107396,Spryker MER000008 Warehouse 1,20,1,0
100907,Spryker MER000008 Warehouse 1,20,1,0
101172,Spryker MER000008 Warehouse 1,20,1,0
103296,Spryker MER000008 Warehouse 1,20,1,0
102935,Spryker MER000008 Warehouse 1,20,1,0
102936,Spryker MER000008 Warehouse 1,20,1,0
100223,Spryker MER000008 Warehouse 1,20,1,0
102918,Spryker MER000008 Warehouse 1,20,1,0
102919,Spryker MER000008 Warehouse 1,20,1,0
102920,Spryker MER000008 Warehouse 1,20,1,0
100266,Spryker MER000008 Warehouse 1,20,1,0
102924,Spryker MER000008 Warehouse 1,20,1,0
102925,Spryker MER000008 Warehouse 1,20,1,0
102775,Spryker MER000008 Warehouse 1,20,1,0
102779,Spryker MER000008 Warehouse 1,20,1,0
101226,Spryker MER000008 Warehouse 1,20,1,0
100107,Spryker MER000008 Warehouse 1,20,1,0
101828,Spryker MER000008 Warehouse 1,20,1,0
107061,Spryker MER000008 Warehouse 1,20,1,0
103905,Spryker MER000008 Warehouse 1,20,1,0
103907,Spryker MER000008 Warehouse 1,20,1,0
103889,Spryker MER000008 Warehouse 1,20,1,0
103890,Spryker MER000008 Warehouse 1,20,1,0
400065,Office King MER000009 Warehouse 1,20,1,0
401629,Office King MER000009 Warehouse 1,20,1,0
400434,Office King MER000009 Warehouse 1,20,1,0
401768,Office King MER000009 Warehouse 1,20,1,0
401781,Office King MER000009 Warehouse 1,20,1,0
508321,Spryker MER000008 Warehouse 1,20,1,0
108287,Spryker MER000008 Warehouse 1,20,1,0
108302,Spryker MER000008 Warehouse 1,20,1,0
213103,Spryker MER000008 Warehouse 1,20,1,0
464003,Office King MER000009 Warehouse 1,20,1,0
464005,Office King MER000009 Warehouse 1,20,1,0
464002,Office King MER000009 Warehouse 1,20,1,0
464000,Office King MER000009 Warehouse 1,20,1,0
464001,Office King MER000009 Warehouse 1,20,1,0
420550,Spryker MER000008 Warehouse 1,20,1,0
108263,Spryker MER000008 Warehouse 1,20,1,0
544183,Spryker MER000008 Warehouse 1,20,1,0
500942,Spryker MER000008 Warehouse 1,20,1,0
500946,Spryker MER000008 Warehouse 1,20,1,0
463981,Spryker MER000008 Warehouse 1,20,1,0
420551,Spryker MER000008 Warehouse 1,20,1,0
101560,Spryker MER000008 Warehouse 1,20,1,0
512086,Spryker MER000008 Warehouse 1,20,1,0
512067,Spryker MER000008 Warehouse 1,20,1,0
420554,Spryker MER000008 Warehouse 1,20,1,0
420555,Spryker MER000008 Warehouse 1,20,1,0
574987,Spryker MER000008 Warehouse 1,20,1,0
573887,Spryker MER000008 Warehouse 1,20,1,0
573888,Spryker MER000008 Warehouse 1,20,1,0
573889,Spryker MER000008 Warehouse 1,20,1,0
573890,Spryker MER000008 Warehouse 1,20,1,0
573874,Spryker MER000008 Warehouse 1,20,1,0
573878,Spryker MER000008 Warehouse 1,20,1,0
573880,Spryker MER000008 Warehouse 1,20,1,0
574598,Spryker MER000008 Warehouse 1,20,1,0
574601,Spryker MER000008 Warehouse 1,20,1,0
574602,Spryker MER000008 Warehouse 1,20,1,0
574599,Spryker MER000008 Warehouse 1,20,1,0
574603,Spryker MER000008 Warehouse 1,20,1,0
575191,Spryker MER000008 Warehouse 1,20,1,0
575058,Spryker MER000008 Warehouse 1,20,1,0
575059,Spryker MER000008 Warehouse 1,20,1,0
575060,Spryker MER000008 Warehouse 1,20,1,0
575061,Spryker MER000008 Warehouse 1,20,1,0
575065,Spryker MER000008 Warehouse 1,20,1,0
410075,Spryker MER000008 Warehouse 1,20,1,0
410083,Spryker MER000008 Warehouse 1,20,1,0
410104,Spryker MER000008 Warehouse 1,20,1,0
410102,Spryker MER000008 Warehouse 1,20,1,0
632992,Spryker MER000008 Warehouse 1,20,1,0
574971,Spryker MER000008 Warehouse 1,20,1,0
574972,Spryker MER000008 Warehouse 1,20,1,0
574973,Spryker MER000008 Warehouse 1,20,1,0
575257,Spryker MER000008 Warehouse 1,20,1,0
575260,Spryker MER000008 Warehouse 1,20,1,0
408104,Spryker MER000008 Warehouse 1,20,1,0
420506,Spryker MER000008 Warehouse 1,20,1,0
420514,Spryker MER000008 Warehouse 1,20,1,0
420527,Spryker MER000008 Warehouse 1,20,1,0
420549,Spryker MER000008 Warehouse 1,20,1,0
420566,Spryker MER000008 Warehouse 1,20,0,0
420567,Spryker MER000008 Warehouse 1,20,1,0
420573,Spryker MER000008 Warehouse 1,20,1,0
420574,Spryker MER000008 Warehouse 1,20,1,0
420575,Spryker MER000008 Warehouse 1,20,1,0
420696,Spryker MER000008 Warehouse 1,20,1,0
420706,Spryker MER000008 Warehouse 1,20,1,0
420712,Spryker MER000008 Warehouse 1,20,1,0
421263,Spryker MER000008 Warehouse 1,20,1,0
421265,Spryker MER000008 Warehouse 1,20,1,0
421322,Spryker MER000008 Warehouse 1,20,1,0
421323,Spryker MER000008 Warehouse 1,20,1,0
421324,Spryker MER000008 Warehouse 1,20,1,0
421327,Spryker MER000008 Warehouse 1,20,1,0
421347,Spryker MER000008 Warehouse 1,20,1,0
421378,Spryker MER000008 Warehouse 1,20,1,0
421425,Spryker MER000008 Warehouse 1,20,1,0
421418,Spryker MER000008 Warehouse 1,20,1,0
421436,Spryker MER000008 Warehouse 1,20,1,0
421475,Spryker MER000008 Warehouse 1,20,1,0
421476,Spryker MER000008 Warehouse 1,20,1,0
421477,Spryker MER000008 Warehouse 1,20,1,0
421478,Spryker MER000008 Warehouse 1,20,1,0
421479,Spryker MER000008 Warehouse 1,20,1,0
421481,Spryker MER000008 Warehouse 1,20,1,0
421519,Spryker MER000008 Warehouse 1,100,1,0
421519_1,Spryker MER000008 Warehouse 1,100,1,0
421519_2,Spryker MER000008 Warehouse 1,100,1,0
421519_3,Spryker MER000008 Warehouse 1,100,1,0
421530,Spryker MER000008 Warehouse 1,20,1,0
421531,Spryker MER000008 Warehouse 1,20,1,0
422573,Spryker MER000008 Warehouse 1,20,1,0
422721,Spryker MER000008 Warehouse 1,20,1,0
422722,Spryker MER000008 Warehouse 1,20,1,0
422745,Spryker MER000008 Warehouse 1,20,1,0
423105,Spryker MER000008 Warehouse 1,20,1,0
423172,Spryker MER000008 Warehouse 1,20,1,0
423173,Spryker MER000008 Warehouse 1,20,1,0
423174,Spryker MER000008 Warehouse 1,20,1,0
423175,Spryker MER000008 Warehouse 1,20,1,0
423178,Spryker MER000008 Warehouse 1,20,1,0
423452,Spryker MER000008 Warehouse 1,20,1,0
423456,Spryker MER000008 Warehouse 1,20,1,0
423909,Spryker MER000008 Warehouse 1,20,1,0
424265,Spryker MER000008 Warehouse 1,20,1,0
424270,Spryker MER000008 Warehouse 1,20,1,0
424273,Spryker MER000008 Warehouse 1,20,1,0
424390,Spryker MER000008 Warehouse 1,20,1,0
424397,Spryker MER000008 Warehouse 1,20,1,0
424442,Spryker MER000008 Warehouse 1,20,1,0
424472,Spryker MER000008 Warehouse 1,20,1,0
424475,Spryker MER000008 Warehouse 1,20,1,0
424493,Spryker MER000008 Warehouse 1,20,1,0
424506,Spryker MER000008 Warehouse 1,20,1,0
424510,Spryker MER000008 Warehouse 1,20,1,0
424513,Spryker MER000008 Warehouse 1,20,1,0
424527,Spryker MER000008 Warehouse 1,20,1,0
424528,Spryker MER000008 Warehouse 1,20,1,0
424529,Spryker MER000008 Warehouse 1,20,1,0
424530,Spryker MER000008 Warehouse 1,20,1,0
424531,Spryker MER000008 Warehouse 1,20,1,0
424542,Spryker MER000008 Warehouse 1,20,1,0
424546,Spryker MER000008 Warehouse 1,20,1,0
424606,Spryker MER000008 Warehouse 1,20,1,0
425082,Spryker MER000008 Warehouse 1,20,1,0
425083,Spryker MER000008 Warehouse 1,20,1,0
425084,Spryker MER000008 Warehouse 1,20,1,0
425086,Spryker MER000008 Warehouse 1,20,1,0
425096,Spryker MER000008 Warehouse 1,20,1,0
425087,Spryker MER000008 Warehouse 1,20,1,0
425088,Spryker MER000008 Warehouse 1,20,1,0
425140,Spryker MER000008 Warehouse 1,20,1,0
425149,Spryker MER000008 Warehouse 1,20,1,0
425159,Spryker MER000008 Warehouse 1,20,1,0
425751,Spryker MER000008 Warehouse 1,20,1,0
426531,Spryker MER000008 Warehouse 1,20,1,0
427915,Spryker MER000008 Warehouse 1,20,1,0
520561,Spryker MER000008 Warehouse 1,20,1,0
413850,Spryker MER000008 Warehouse 1,20,1,0
411653,Spryker MER000008 Warehouse 1,20,1,0
414097,Spryker MER000008 Warehouse 1,20,1,0
414098,Spryker MER000008 Warehouse 1,20,1,0
419780,Spryker MER000008 Warehouse 1,20,1,0
419803,Spryker MER000008 Warehouse 1,20,1,0
419869,Spryker MER000008 Warehouse 1,20,1,0
419876,Spryker MER000008 Warehouse 1,20,1,0
419880,Spryker MER000008 Warehouse 1,20,1,0
419871,Spryker MER000008 Warehouse 1,20,1,0
419872,Spryker MER000008 Warehouse 1,20,1,0
419873,Spryker MER000008 Warehouse 1,20,1,0
419898,Spryker MER000008 Warehouse 1,20,1,0
419904,Spryker MER000008 Warehouse 1,20,1,0
419905,Spryker MER000008 Warehouse 1,20,1,0
419900,Spryker MER000008 Warehouse 1,20,1,0
419901,Spryker MER000008 Warehouse 1,20,1,0
621613,Spryker MER000008 Warehouse 1,20,1,0
621614,Spryker MER000008 Warehouse 1,20,1,0
621618,Spryker MER000008 Warehouse 1,20,1,0
426620,Spryker MER000008 Warehouse 1,20,1,0
421339,Spryker MER000008 Warehouse 1,20,1,0
421340,Spryker MER000008 Warehouse 1,20,1,0
421341,Spryker MER000008 Warehouse 1,20,1,0
421342,Spryker MER000008 Warehouse 1,20,1,0
421343,Spryker MER000008 Warehouse 1,20,1,0
421344,Spryker MER000008 Warehouse 1,20,1,0
421345,Spryker MER000008 Warehouse 1,20,1,0
421346,Spryker MER000008 Warehouse 1,20,1,0
